filename,label
adv_ILSVRC2012_val_00018317.png,0
adv_ILSVRC2012_val_00045761.png,1
adv_ILSVRC2012_val_00020011.png,2
adv_ILSVRC2012_val_00026001.png,3
adv_ILSVRC2012_val_00035367.png,4
adv_ILSVRC2012_val_00017440.png,5
adv_ILSVRC2012_val_00026908.png,6
adv_ILSVRC2012_val_00028221.png,7
adv_ILSVRC2012_val_00026271.png,8
adv_ILSVRC2012_val_00049090.png,9
adv_ILSVRC2012_val_00037748.png,10
adv_ILSVRC2012_val_00016252.png,11
adv_ILSVRC2012_val_00020495.png,12
adv_ILSVRC2012_val_00003116.png,13
adv_ILSVRC2012_val_00027811.png,14
adv_ILSVRC2012_val_00034482.png,15
adv_ILSVRC2012_val_00042600.png,16
adv_ILSVRC2012_val_00034144.png,17
adv_ILSVRC2012_val_00041206.png,18
adv_ILSVRC2012_val_00017017.png,19
adv_ILSVRC2012_val_00024059.png,20
adv_ILSVRC2012_val_00013393.png,21
adv_ILSVRC2012_val_00040474.png,22
adv_ILSVRC2012_val_00022165.png,23
adv_ILSVRC2012_val_00000318.png,24
adv_ILSVRC2012_val_00012588.png,25
adv_ILSVRC2012_val_00007561.png,26
adv_ILSVRC2012_val_00017185.png,27
adv_ILSVRC2012_val_00027931.png,28
adv_ILSVRC2012_val_00013940.png,29
adv_ILSVRC2012_val_00028352.png,30
adv_ILSVRC2012_val_00043303.png,31
adv_ILSVRC2012_val_00011303.png,32
adv_ILSVRC2012_val_00041641.png,33
adv_ILSVRC2012_val_00044755.png,34
adv_ILSVRC2012_val_00013394.png,35
adv_ILSVRC2012_val_00034770.png,36
adv_ILSVRC2012_val_00027858.png,37
adv_ILSVRC2012_val_00026793.png,38
adv_ILSVRC2012_val_00033058.png,39
adv_ILSVRC2012_val_00044996.png,40
adv_ILSVRC2012_val_00042602.png,41
adv_ILSVRC2012_val_00022247.png,42
adv_ILSVRC2012_val_00044980.png,43
adv_ILSVRC2012_val_00021786.png,44
adv_ILSVRC2012_val_00047675.png,45
adv_ILSVRC2012_val_00039203.png,46
adv_ILSVRC2012_val_00017490.png,47
adv_ILSVRC2012_val_00019652.png,48
adv_ILSVRC2012_val_00035623.png,49
adv_ILSVRC2012_val_00018666.png,50
adv_ILSVRC2012_val_00027193.png,51
adv_ILSVRC2012_val_00046257.png,52
adv_ILSVRC2012_val_00031596.png,53
adv_ILSVRC2012_val_00039732.png,54
adv_ILSVRC2012_val_00030719.png,55
adv_ILSVRC2012_val_00005676.png,56
adv_ILSVRC2012_val_00006699.png,57
adv_ILSVRC2012_val_00034970.png,58
adv_ILSVRC2012_val_00002439.png,59
adv_ILSVRC2012_val_00033547.png,60
adv_ILSVRC2012_val_00013730.png,61
adv_ILSVRC2012_val_00017927.png,62
adv_ILSVRC2012_val_00049823.png,63
adv_ILSVRC2012_val_00028197.png,64
adv_ILSVRC2012_val_00000324.png,65
adv_ILSVRC2012_val_00046538.png,66
adv_ILSVRC2012_val_00038068.png,67
adv_ILSVRC2012_val_00024609.png,68
adv_ILSVRC2012_val_00015756.png,69
adv_ILSVRC2012_val_00037311.png,70
adv_ILSVRC2012_val_00043197.png,71
adv_ILSVRC2012_val_00003008.png,72
adv_ILSVRC2012_val_00023692.png,73
adv_ILSVRC2012_val_00046384.png,74
adv_ILSVRC2012_val_00016936.png,75
adv_ILSVRC2012_val_00041311.png,76
adv_ILSVRC2012_val_00010801.png,77
adv_ILSVRC2012_val_00032783.png,78
adv_ILSVRC2012_val_00005072.png,79
adv_ILSVRC2012_val_00007126.png,80
adv_ILSVRC2012_val_00009827.png,81
adv_ILSVRC2012_val_00036573.png,82
adv_ILSVRC2012_val_00033098.png,83
adv_ILSVRC2012_val_00022767.png,84
adv_ILSVRC2012_val_00043990.png,85
adv_ILSVRC2012_val_00043041.png,86
adv_ILSVRC2012_val_00049962.png,87
adv_ILSVRC2012_val_00012864.png,88
adv_ILSVRC2012_val_00041041.png,89
adv_ILSVRC2012_val_00007778.png,90
adv_ILSVRC2012_val_00044108.png,91
adv_ILSVRC2012_val_00040014.png,92
adv_ILSVRC2012_val_00048549.png,93
adv_ILSVRC2012_val_00023796.png,94
adv_ILSVRC2012_val_00011315.png,95
adv_ILSVRC2012_val_00036354.png,96
adv_ILSVRC2012_val_00022364.png,97
adv_ILSVRC2012_val_00036162.png,98
adv_ILSVRC2012_val_00029785.png,99
adv_ILSVRC2012_val_00009998.png,100
adv_ILSVRC2012_val_00036826.png,101
adv_ILSVRC2012_val_00030772.png,102
adv_ILSVRC2012_val_00042336.png,103
adv_ILSVRC2012_val_00046362.png,104
adv_ILSVRC2012_val_00015072.png,105
adv_ILSVRC2012_val_00015717.png,106
adv_ILSVRC2012_val_00038400.png,107
adv_ILSVRC2012_val_00012332.png,108
adv_ILSVRC2012_val_00017794.png,109
adv_ILSVRC2012_val_00033409.png,110
adv_ILSVRC2012_val_00026452.png,111
adv_ILSVRC2012_val_00028654.png,112
adv_ILSVRC2012_val_00030012.png,113
adv_ILSVRC2012_val_00018757.png,114
adv_ILSVRC2012_val_00008160.png,115
adv_ILSVRC2012_val_00028345.png,116
adv_ILSVRC2012_val_00034644.png,117
adv_ILSVRC2012_val_00040764.png,118
adv_ILSVRC2012_val_00011071.png,119
adv_ILSVRC2012_val_00017911.png,120
adv_ILSVRC2012_val_00023264.png,121
adv_ILSVRC2012_val_00046975.png,122
adv_ILSVRC2012_val_00012455.png,123
adv_ILSVRC2012_val_00049661.png,124
adv_ILSVRC2012_val_00031943.png,125
adv_ILSVRC2012_val_00042774.png,126
adv_ILSVRC2012_val_00026340.png,127
adv_ILSVRC2012_val_00026338.png,128
adv_ILSVRC2012_val_00013256.png,129
adv_ILSVRC2012_val_00000356.png,130
adv_ILSVRC2012_val_00033760.png,131
adv_ILSVRC2012_val_00026861.png,132
adv_ILSVRC2012_val_00042966.png,133
adv_ILSVRC2012_val_00037379.png,134
adv_ILSVRC2012_val_00019998.png,135
adv_ILSVRC2012_val_00024020.png,136
adv_ILSVRC2012_val_00006814.png,137
adv_ILSVRC2012_val_00038522.png,138
adv_ILSVRC2012_val_00042705.png,139
adv_ILSVRC2012_val_00003964.png,140
adv_ILSVRC2012_val_00000470.png,141
adv_ILSVRC2012_val_00029913.png,142
adv_ILSVRC2012_val_00011052.png,143
adv_ILSVRC2012_val_00043841.png,144
adv_ILSVRC2012_val_00047685.png,145
adv_ILSVRC2012_val_00031023.png,146
adv_ILSVRC2012_val_00041029.png,147
adv_ILSVRC2012_val_00028941.png,148
adv_ILSVRC2012_val_00022669.png,149
adv_ILSVRC2012_val_00046758.png,150
adv_ILSVRC2012_val_00039439.png,151
adv_ILSVRC2012_val_00037960.png,152
adv_ILSVRC2012_val_00039695.png,153
adv_ILSVRC2012_val_00001069.png,154
adv_ILSVRC2012_val_00012394.png,155
adv_ILSVRC2012_val_00022521.png,156
adv_ILSVRC2012_val_00028429.png,157
adv_ILSVRC2012_val_00020963.png,158
adv_ILSVRC2012_val_00017792.png,159
adv_ILSVRC2012_val_00029056.png,160
adv_ILSVRC2012_val_00025539.png,161
adv_ILSVRC2012_val_00031220.png,162
adv_ILSVRC2012_val_00044554.png,163
adv_ILSVRC2012_val_00013962.png,164
adv_ILSVRC2012_val_00045878.png,165
adv_ILSVRC2012_val_00042394.png,166
adv_ILSVRC2012_val_00018649.png,167
adv_ILSVRC2012_val_00011176.png,168
adv_ILSVRC2012_val_00040878.png,169
adv_ILSVRC2012_val_00011311.png,170
adv_ILSVRC2012_val_00012416.png,171
adv_ILSVRC2012_val_00012644.png,172
adv_ILSVRC2012_val_00004434.png,173
adv_ILSVRC2012_val_00010665.png,174
adv_ILSVRC2012_val_00002059.png,175
adv_ILSVRC2012_val_00041908.png,176
adv_ILSVRC2012_val_00031364.png,177
adv_ILSVRC2012_val_00021668.png,178
adv_ILSVRC2012_val_00000248.png,179
adv_ILSVRC2012_val_00004947.png,180
adv_ILSVRC2012_val_00004342.png,181
adv_ILSVRC2012_val_00025302.png,182
adv_ILSVRC2012_val_00001929.png,183
adv_ILSVRC2012_val_00040915.png,184
adv_ILSVRC2012_val_00014810.png,185
adv_ILSVRC2012_val_00038457.png,186
adv_ILSVRC2012_val_00044200.png,187
adv_ILSVRC2012_val_00030776.png,188
adv_ILSVRC2012_val_00004968.png,189
adv_ILSVRC2012_val_00031845.png,190
adv_ILSVRC2012_val_00042855.png,191
adv_ILSVRC2012_val_00037723.png,192
adv_ILSVRC2012_val_00032563.png,193
adv_ILSVRC2012_val_00026267.png,194
adv_ILSVRC2012_val_00004941.png,195
adv_ILSVRC2012_val_00034118.png,196
adv_ILSVRC2012_val_00032524.png,197
adv_ILSVRC2012_val_00015592.png,198
adv_ILSVRC2012_val_00003232.png,199
adv_ILSVRC2012_val_00002630.png,200
adv_ILSVRC2012_val_00033775.png,201
adv_ILSVRC2012_val_00003198.png,202
adv_ILSVRC2012_val_00027017.png,203
adv_ILSVRC2012_val_00033763.png,204
adv_ILSVRC2012_val_00013712.png,205
adv_ILSVRC2012_val_00038920.png,206
adv_ILSVRC2012_val_00034584.png,207
adv_ILSVRC2012_val_00008346.png,208
adv_ILSVRC2012_val_00040639.png,209
adv_ILSVRC2012_val_00038044.png,210
adv_ILSVRC2012_val_00017439.png,211
adv_ILSVRC2012_val_00031785.png,212
adv_ILSVRC2012_val_00009476.png,213
adv_ILSVRC2012_val_00014745.png,214
adv_ILSVRC2012_val_00013927.png,215
adv_ILSVRC2012_val_00025471.png,216
adv_ILSVRC2012_val_00014125.png,217
adv_ILSVRC2012_val_00002353.png,218
adv_ILSVRC2012_val_00041928.png,219
adv_ILSVRC2012_val_00025181.png,220
adv_ILSVRC2012_val_00047110.png,221
adv_ILSVRC2012_val_00025006.png,222
adv_ILSVRC2012_val_00013489.png,223
adv_ILSVRC2012_val_00010928.png,224
adv_ILSVRC2012_val_00011323.png,225
adv_ILSVRC2012_val_00027053.png,226
adv_ILSVRC2012_val_00043878.png,227
adv_ILSVRC2012_val_00029214.png,228
adv_ILSVRC2012_val_00030831.png,229
adv_ILSVRC2012_val_00017879.png,230
adv_ILSVRC2012_val_00027165.png,231
adv_ILSVRC2012_val_00034069.png,232
adv_ILSVRC2012_val_00016409.png,233
adv_ILSVRC2012_val_00034429.png,234
adv_ILSVRC2012_val_00024896.png,235
adv_ILSVRC2012_val_00017646.png,236
adv_ILSVRC2012_val_00035233.png,237
adv_ILSVRC2012_val_00021196.png,238
adv_ILSVRC2012_val_00005175.png,239
adv_ILSVRC2012_val_00045080.png,240
adv_ILSVRC2012_val_00032522.png,241
adv_ILSVRC2012_val_00013856.png,242
adv_ILSVRC2012_val_00017075.png,243
adv_ILSVRC2012_val_00043131.png,244
adv_ILSVRC2012_val_00026918.png,245
adv_ILSVRC2012_val_00043452.png,246
adv_ILSVRC2012_val_00002609.png,247
adv_ILSVRC2012_val_00009157.png,248
adv_ILSVRC2012_val_00009416.png,249
adv_ILSVRC2012_val_00044104.png,250
adv_ILSVRC2012_val_00022581.png,251
adv_ILSVRC2012_val_00027947.png,252
adv_ILSVRC2012_val_00043319.png,253
adv_ILSVRC2012_val_00039291.png,254
adv_ILSVRC2012_val_00013159.png,255
adv_ILSVRC2012_val_00023569.png,256
adv_ILSVRC2012_val_00036918.png,257
adv_ILSVRC2012_val_00042625.png,258
adv_ILSVRC2012_val_00021540.png,259
adv_ILSVRC2012_val_00045687.png,260
adv_ILSVRC2012_val_00016303.png,261
adv_ILSVRC2012_val_00044473.png,262
adv_ILSVRC2012_val_00023546.png,263
adv_ILSVRC2012_val_00001686.png,264
adv_ILSVRC2012_val_00012039.png,265
adv_ILSVRC2012_val_00030403.png,266
adv_ILSVRC2012_val_00016697.png,267
adv_ILSVRC2012_val_00026509.png,268
adv_ILSVRC2012_val_00011188.png,269
adv_ILSVRC2012_val_00013358.png,270
adv_ILSVRC2012_val_00037617.png,271
adv_ILSVRC2012_val_00028916.png,272
adv_ILSVRC2012_val_00030693.png,273
adv_ILSVRC2012_val_00001148.png,274
adv_ILSVRC2012_val_00022432.png,275
adv_ILSVRC2012_val_00021035.png,276
adv_ILSVRC2012_val_00014798.png,277
adv_ILSVRC2012_val_00033561.png,278
adv_ILSVRC2012_val_00034065.png,279
adv_ILSVRC2012_val_00026842.png,280
adv_ILSVRC2012_val_00045239.png,281
adv_ILSVRC2012_val_00000796.png,282
adv_ILSVRC2012_val_00015898.png,283
adv_ILSVRC2012_val_00039931.png,284
adv_ILSVRC2012_val_00005207.png,285
adv_ILSVRC2012_val_00021045.png,286
adv_ILSVRC2012_val_00049483.png,287
adv_ILSVRC2012_val_00030737.png,288
adv_ILSVRC2012_val_00026982.png,289
adv_ILSVRC2012_val_00049347.png,290
adv_ILSVRC2012_val_00001359.png,291
adv_ILSVRC2012_val_00023810.png,292
adv_ILSVRC2012_val_00029216.png,293
adv_ILSVRC2012_val_00015955.png,294
adv_ILSVRC2012_val_00048118.png,295
adv_ILSVRC2012_val_00019930.png,296
adv_ILSVRC2012_val_00032283.png,297
adv_ILSVRC2012_val_00018630.png,298
adv_ILSVRC2012_val_00047118.png,299
adv_ILSVRC2012_val_00021653.png,300
adv_ILSVRC2012_val_00031140.png,301
adv_ILSVRC2012_val_00009626.png,302
adv_ILSVRC2012_val_00045848.png,303
adv_ILSVRC2012_val_00036613.png,304
adv_ILSVRC2012_val_00013351.png,305
adv_ILSVRC2012_val_00004339.png,306
adv_ILSVRC2012_val_00028453.png,307
adv_ILSVRC2012_val_00040397.png,308
adv_ILSVRC2012_val_00020657.png,309
adv_ILSVRC2012_val_00003814.png,310
adv_ILSVRC2012_val_00022737.png,311
adv_ILSVRC2012_val_00018535.png,312
adv_ILSVRC2012_val_00016740.png,313
adv_ILSVRC2012_val_00021755.png,314
adv_ILSVRC2012_val_00017115.png,315
adv_ILSVRC2012_val_00044407.png,316
adv_ILSVRC2012_val_00029444.png,317
adv_ILSVRC2012_val_00047939.png,318
adv_ILSVRC2012_val_00046425.png,319
adv_ILSVRC2012_val_00042764.png,320
adv_ILSVRC2012_val_00008693.png,321
adv_ILSVRC2012_val_00030779.png,322
adv_ILSVRC2012_val_00011374.png,323
adv_ILSVRC2012_val_00039335.png,324
adv_ILSVRC2012_val_00034368.png,325
adv_ILSVRC2012_val_00043218.png,326
adv_ILSVRC2012_val_00001161.png,327
adv_ILSVRC2012_val_00028454.png,328
adv_ILSVRC2012_val_00036810.png,329
adv_ILSVRC2012_val_00033548.png,330
adv_ILSVRC2012_val_00023041.png,331
adv_ILSVRC2012_val_00032730.png,332
adv_ILSVRC2012_val_00013528.png,333
adv_ILSVRC2012_val_00044646.png,334
adv_ILSVRC2012_val_00038993.png,335
adv_ILSVRC2012_val_00018582.png,336
adv_ILSVRC2012_val_00003202.png,337
adv_ILSVRC2012_val_00003675.png,338
adv_ILSVRC2012_val_00017532.png,339
adv_ILSVRC2012_val_00018423.png,340
adv_ILSVRC2012_val_00026390.png,341
adv_ILSVRC2012_val_00025142.png,342
adv_ILSVRC2012_val_00025638.png,343
adv_ILSVRC2012_val_00036081.png,344
adv_ILSVRC2012_val_00004838.png,345
adv_ILSVRC2012_val_00037946.png,346
adv_ILSVRC2012_val_00032942.png,347
adv_ILSVRC2012_val_00038653.png,348
adv_ILSVRC2012_val_00039697.png,349
adv_ILSVRC2012_val_00001885.png,350
adv_ILSVRC2012_val_00017389.png,351
adv_ILSVRC2012_val_00032385.png,352
adv_ILSVRC2012_val_00046413.png,353
adv_ILSVRC2012_val_00015861.png,354
adv_ILSVRC2012_val_00001050.png,355
adv_ILSVRC2012_val_00048496.png,356
adv_ILSVRC2012_val_00005621.png,357
adv_ILSVRC2012_val_00010052.png,358
adv_ILSVRC2012_val_00036771.png,359
adv_ILSVRC2012_val_00016202.png,360
adv_ILSVRC2012_val_00000446.png,361
adv_ILSVRC2012_val_00012860.png,362
adv_ILSVRC2012_val_00018994.png,363
adv_ILSVRC2012_val_00035990.png,364
adv_ILSVRC2012_val_00047956.png,365
adv_ILSVRC2012_val_00028177.png,366
adv_ILSVRC2012_val_00008889.png,367
adv_ILSVRC2012_val_00004058.png,368
adv_ILSVRC2012_val_00008179.png,369
adv_ILSVRC2012_val_00046645.png,370
adv_ILSVRC2012_val_00007845.png,371
adv_ILSVRC2012_val_00032732.png,372
adv_ILSVRC2012_val_00045230.png,373
adv_ILSVRC2012_val_00044914.png,374
adv_ILSVRC2012_val_00028585.png,375
adv_ILSVRC2012_val_00018749.png,376
adv_ILSVRC2012_val_00006014.png,377
adv_ILSVRC2012_val_00047365.png,378
adv_ILSVRC2012_val_00007297.png,379
adv_ILSVRC2012_val_00033927.png,380
adv_ILSVRC2012_val_00026217.png,381
adv_ILSVRC2012_val_00047853.png,382
adv_ILSVRC2012_val_00001054.png,383
adv_ILSVRC2012_val_00046745.png,384
adv_ILSVRC2012_val_00040258.png,385
adv_ILSVRC2012_val_00038578.png,386
adv_ILSVRC2012_val_00014686.png,387
adv_ILSVRC2012_val_00048200.png,388
adv_ILSVRC2012_val_00012982.png,389
adv_ILSVRC2012_val_00032579.png,390
adv_ILSVRC2012_val_00047174.png,391
adv_ILSVRC2012_val_00008724.png,392
adv_ILSVRC2012_val_00034042.png,393
adv_ILSVRC2012_val_00031255.png,394
adv_ILSVRC2012_val_00033541.png,395
adv_ILSVRC2012_val_00009165.png,396
adv_ILSVRC2012_val_00019403.png,397
adv_ILSVRC2012_val_00002148.png,398
adv_ILSVRC2012_val_00005187.png,399
adv_ILSVRC2012_val_00021881.png,400
adv_ILSVRC2012_val_00013625.png,401
adv_ILSVRC2012_val_00041930.png,402
adv_ILSVRC2012_val_00033900.png,403
adv_ILSVRC2012_val_00046971.png,404
adv_ILSVRC2012_val_00010147.png,405
adv_ILSVRC2012_val_00044658.png,406
adv_ILSVRC2012_val_00024296.png,407
adv_ILSVRC2012_val_00008360.png,408
adv_ILSVRC2012_val_00015108.png,409
adv_ILSVRC2012_val_00002391.png,410
adv_ILSVRC2012_val_00042510.png,411
adv_ILSVRC2012_val_00010877.png,412
adv_ILSVRC2012_val_00014056.png,413
adv_ILSVRC2012_val_00042327.png,414
adv_ILSVRC2012_val_00021256.png,415
adv_ILSVRC2012_val_00039129.png,416
adv_ILSVRC2012_val_00040361.png,417
adv_ILSVRC2012_val_00010497.png,418
adv_ILSVRC2012_val_00006039.png,419
adv_ILSVRC2012_val_00013131.png,420
adv_ILSVRC2012_val_00023325.png,421
adv_ILSVRC2012_val_00037608.png,422
adv_ILSVRC2012_val_00043116.png,423
adv_ILSVRC2012_val_00000076.png,424
adv_ILSVRC2012_val_00019730.png,425
adv_ILSVRC2012_val_00003043.png,426
adv_ILSVRC2012_val_00000787.png,427
adv_ILSVRC2012_val_00048739.png,428
adv_ILSVRC2012_val_00026506.png,429
adv_ILSVRC2012_val_00034473.png,430
adv_ILSVRC2012_val_00047642.png,431
adv_ILSVRC2012_val_00029252.png,432
adv_ILSVRC2012_val_00039810.png,433
adv_ILSVRC2012_val_00027792.png,434
adv_ILSVRC2012_val_00028638.png,435
adv_ILSVRC2012_val_00037160.png,436
adv_ILSVRC2012_val_00035911.png,437
adv_ILSVRC2012_val_00034097.png,438
adv_ILSVRC2012_val_00025841.png,439
adv_ILSVRC2012_val_00035507.png,440
adv_ILSVRC2012_val_00039742.png,441
adv_ILSVRC2012_val_00037196.png,442
adv_ILSVRC2012_val_00013154.png,443
adv_ILSVRC2012_val_00026250.png,444
adv_ILSVRC2012_val_00029050.png,445
adv_ILSVRC2012_val_00034050.png,446
adv_ILSVRC2012_val_00046109.png,447
adv_ILSVRC2012_val_00004330.png,448
adv_ILSVRC2012_val_00021432.png,449
adv_ILSVRC2012_val_00045079.png,450
adv_ILSVRC2012_val_00033619.png,451
adv_ILSVRC2012_val_00005523.png,452
adv_ILSVRC2012_val_00003502.png,453
adv_ILSVRC2012_val_00046690.png,454
adv_ILSVRC2012_val_00021639.png,455
adv_ILSVRC2012_val_00006182.png,456
adv_ILSVRC2012_val_00039746.png,457
adv_ILSVRC2012_val_00019749.png,458
adv_ILSVRC2012_val_00029303.png,459
adv_ILSVRC2012_val_00002469.png,460
adv_ILSVRC2012_val_00039079.png,461
adv_ILSVRC2012_val_00041911.png,462
adv_ILSVRC2012_val_00022064.png,463
adv_ILSVRC2012_val_00009444.png,464
adv_ILSVRC2012_val_00031560.png,465
adv_ILSVRC2012_val_00033558.png,466
adv_ILSVRC2012_val_00019799.png,467
adv_ILSVRC2012_val_00024931.png,468
adv_ILSVRC2012_val_00009140.png,469
adv_ILSVRC2012_val_00008717.png,470
adv_ILSVRC2012_val_00032815.png,471
adv_ILSVRC2012_val_00024906.png,472
adv_ILSVRC2012_val_00015663.png,473
adv_ILSVRC2012_val_00001299.png,474
adv_ILSVRC2012_val_00012473.png,475
adv_ILSVRC2012_val_00040917.png,476
adv_ILSVRC2012_val_00030460.png,477
adv_ILSVRC2012_val_00000019.png,478
adv_ILSVRC2012_val_00004412.png,479
adv_ILSVRC2012_val_00036406.png,480
adv_ILSVRC2012_val_00042137.png,481
adv_ILSVRC2012_val_00012468.png,482
adv_ILSVRC2012_val_00003916.png,483
adv_ILSVRC2012_val_00032462.png,484
adv_ILSVRC2012_val_00020817.png,485
adv_ILSVRC2012_val_00012115.png,486
adv_ILSVRC2012_val_00033654.png,487
adv_ILSVRC2012_val_00046589.png,488
adv_ILSVRC2012_val_00041954.png,489
adv_ILSVRC2012_val_00024629.png,490
adv_ILSVRC2012_val_00007460.png,491
adv_ILSVRC2012_val_00015177.png,492
adv_ILSVRC2012_val_00007893.png,493
adv_ILSVRC2012_val_00038376.png,494
adv_ILSVRC2012_val_00028487.png,495
adv_ILSVRC2012_val_00005832.png,496
adv_ILSVRC2012_val_00034021.png,497
adv_ILSVRC2012_val_00022945.png,498
adv_ILSVRC2012_val_00038966.png,499
adv_ILSVRC2012_val_00013091.png,500
adv_ILSVRC2012_val_00038702.png,501
adv_ILSVRC2012_val_00008871.png,502
adv_ILSVRC2012_val_00028646.png,503
adv_ILSVRC2012_val_00045860.png,504
adv_ILSVRC2012_val_00020255.png,505
adv_ILSVRC2012_val_00003496.png,506
adv_ILSVRC2012_val_00046376.png,507
adv_ILSVRC2012_val_00026428.png,508
adv_ILSVRC2012_val_00034518.png,509
adv_ILSVRC2012_val_00029800.png,510
adv_ILSVRC2012_val_00036091.png,511
adv_ILSVRC2012_val_00039009.png,512
adv_ILSVRC2012_val_00004054.png,513
adv_ILSVRC2012_val_00034753.png,514
adv_ILSVRC2012_val_00005719.png,515
adv_ILSVRC2012_val_00010259.png,516
adv_ILSVRC2012_val_00016372.png,517
adv_ILSVRC2012_val_00031743.png,518
adv_ILSVRC2012_val_00016539.png,519
adv_ILSVRC2012_val_00004602.png,520
adv_ILSVRC2012_val_00021118.png,521
adv_ILSVRC2012_val_00031771.png,522
adv_ILSVRC2012_val_00005672.png,523
adv_ILSVRC2012_val_00049883.png,524
adv_ILSVRC2012_val_00038717.png,525
adv_ILSVRC2012_val_00044861.png,526
adv_ILSVRC2012_val_00014012.png,527
adv_ILSVRC2012_val_00030193.png,528
adv_ILSVRC2012_val_00023284.png,529
adv_ILSVRC2012_val_00010019.png,530
adv_ILSVRC2012_val_00039835.png,531
adv_ILSVRC2012_val_00021888.png,532
adv_ILSVRC2012_val_00029386.png,533
adv_ILSVRC2012_val_00020884.png,534
adv_ILSVRC2012_val_00039566.png,535
adv_ILSVRC2012_val_00027221.png,536
adv_ILSVRC2012_val_00043960.png,537
adv_ILSVRC2012_val_00045649.png,538
adv_ILSVRC2012_val_00035316.png,539
adv_ILSVRC2012_val_00023790.png,540
adv_ILSVRC2012_val_00021702.png,541
adv_ILSVRC2012_val_00027965.png,542
adv_ILSVRC2012_val_00006779.png,543
adv_ILSVRC2012_val_00012450.png,544
adv_ILSVRC2012_val_00004346.png,545
adv_ILSVRC2012_val_00041609.png,546
adv_ILSVRC2012_val_00023549.png,547
adv_ILSVRC2012_val_00016250.png,548
adv_ILSVRC2012_val_00021245.png,549
adv_ILSVRC2012_val_00012573.png,550
adv_ILSVRC2012_val_00004160.png,551
adv_ILSVRC2012_val_00046806.png,552
adv_ILSVRC2012_val_00005618.png,553
adv_ILSVRC2012_val_00039559.png,554
adv_ILSVRC2012_val_00029595.png,555
adv_ILSVRC2012_val_00012175.png,556
adv_ILSVRC2012_val_00012078.png,557
adv_ILSVRC2012_val_00037909.png,558
adv_ILSVRC2012_val_00012771.png,559
adv_ILSVRC2012_val_00030254.png,560
adv_ILSVRC2012_val_00018047.png,561
adv_ILSVRC2012_val_00016149.png,562
adv_ILSVRC2012_val_00021816.png,563
adv_ILSVRC2012_val_00019307.png,564
adv_ILSVRC2012_val_00033953.png,565
adv_ILSVRC2012_val_00007536.png,566
adv_ILSVRC2012_val_00030273.png,567
adv_ILSVRC2012_val_00027815.png,568
adv_ILSVRC2012_val_00026865.png,569
adv_ILSVRC2012_val_00009791.png,570
adv_ILSVRC2012_val_00013436.png,571
adv_ILSVRC2012_val_00049793.png,572
adv_ILSVRC2012_val_00042017.png,573
adv_ILSVRC2012_val_00013633.png,574
adv_ILSVRC2012_val_00012668.png,575
adv_ILSVRC2012_val_00010337.png,576
adv_ILSVRC2012_val_00002032.png,577
adv_ILSVRC2012_val_00047427.png,578
adv_ILSVRC2012_val_00016899.png,579
adv_ILSVRC2012_val_00021681.png,580
adv_ILSVRC2012_val_00021911.png,581
adv_ILSVRC2012_val_00035884.png,582
adv_ILSVRC2012_val_00041424.png,583
adv_ILSVRC2012_val_00038731.png,584
adv_ILSVRC2012_val_00005670.png,585
adv_ILSVRC2012_val_00028658.png,586
adv_ILSVRC2012_val_00032002.png,587
adv_ILSVRC2012_val_00049590.png,588
adv_ILSVRC2012_val_00007124.png,589
adv_ILSVRC2012_val_00003188.png,590
adv_ILSVRC2012_val_00044989.png,591
adv_ILSVRC2012_val_00038630.png,592
adv_ILSVRC2012_val_00030826.png,593
adv_ILSVRC2012_val_00039186.png,594
adv_ILSVRC2012_val_00046905.png,595
adv_ILSVRC2012_val_00038419.png,596
adv_ILSVRC2012_val_00035955.png,597
adv_ILSVRC2012_val_00025117.png,598
adv_ILSVRC2012_val_00036530.png,599
adv_ILSVRC2012_val_00000575.png,600
adv_ILSVRC2012_val_00021106.png,601
adv_ILSVRC2012_val_00014669.png,602
adv_ILSVRC2012_val_00013067.png,603
adv_ILSVRC2012_val_00048860.png,604
adv_ILSVRC2012_val_00030161.png,605
adv_ILSVRC2012_val_00029840.png,606
adv_ILSVRC2012_val_00009971.png,607
adv_ILSVRC2012_val_00032573.png,608
adv_ILSVRC2012_val_00026466.png,609
adv_ILSVRC2012_val_00004520.png,610
adv_ILSVRC2012_val_00017238.png,611
adv_ILSVRC2012_val_00043161.png,612
adv_ILSVRC2012_val_00003233.png,613
adv_ILSVRC2012_val_00049234.png,614
adv_ILSVRC2012_val_00048489.png,615
adv_ILSVRC2012_val_00009095.png,616
adv_ILSVRC2012_val_00038063.png,617
adv_ILSVRC2012_val_00046392.png,618
adv_ILSVRC2012_val_00044447.png,619
adv_ILSVRC2012_val_00038104.png,620
adv_ILSVRC2012_val_00009771.png,621
adv_ILSVRC2012_val_00036313.png,622
adv_ILSVRC2012_val_00024027.png,623
adv_ILSVRC2012_val_00027584.png,624
adv_ILSVRC2012_val_00042196.png,625
adv_ILSVRC2012_val_00005722.png,626
adv_ILSVRC2012_val_00039264.png,627
adv_ILSVRC2012_val_00002093.png,628
adv_ILSVRC2012_val_00030534.png,629
adv_ILSVRC2012_val_00021725.png,630
adv_ILSVRC2012_val_00045590.png,631
adv_ILSVRC2012_val_00010819.png,632
adv_ILSVRC2012_val_00044571.png,633
adv_ILSVRC2012_val_00022675.png,634
adv_ILSVRC2012_val_00032353.png,635
adv_ILSVRC2012_val_00027741.png,636
adv_ILSVRC2012_val_00011151.png,637
adv_ILSVRC2012_val_00007053.png,638
adv_ILSVRC2012_val_00017142.png,639
adv_ILSVRC2012_val_00048354.png,640
adv_ILSVRC2012_val_00026768.png,641
adv_ILSVRC2012_val_00040861.png,642
adv_ILSVRC2012_val_00016941.png,643
adv_ILSVRC2012_val_00041898.png,644
adv_ILSVRC2012_val_00021102.png,645
adv_ILSVRC2012_val_00044403.png,646
adv_ILSVRC2012_val_00007887.png,647
adv_ILSVRC2012_val_00020086.png,648
adv_ILSVRC2012_val_00018372.png,649
adv_ILSVRC2012_val_00031013.png,650
adv_ILSVRC2012_val_00008779.png,651
adv_ILSVRC2012_val_00043287.png,652
adv_ILSVRC2012_val_00036896.png,653
adv_ILSVRC2012_val_00027157.png,654
adv_ILSVRC2012_val_00010375.png,655
adv_ILSVRC2012_val_00044089.png,656
adv_ILSVRC2012_val_00026052.png,657
adv_ILSVRC2012_val_00034524.png,658
adv_ILSVRC2012_val_00029594.png,659
adv_ILSVRC2012_val_00035097.png,660
adv_ILSVRC2012_val_00029553.png,661
adv_ILSVRC2012_val_00025706.png,662
adv_ILSVRC2012_val_00029842.png,663
adv_ILSVRC2012_val_00049784.png,664
adv_ILSVRC2012_val_00004104.png,665
adv_ILSVRC2012_val_00014930.png,666
adv_ILSVRC2012_val_00044851.png,667
adv_ILSVRC2012_val_00031119.png,668
adv_ILSVRC2012_val_00000859.png,669
adv_ILSVRC2012_val_00022401.png,670
adv_ILSVRC2012_val_00042426.png,671
adv_ILSVRC2012_val_00045084.png,672
adv_ILSVRC2012_val_00045539.png,673
adv_ILSVRC2012_val_00020103.png,674
adv_ILSVRC2012_val_00009793.png,675
adv_ILSVRC2012_val_00021342.png,676
adv_ILSVRC2012_val_00004229.png,677
adv_ILSVRC2012_val_00023271.png,678
adv_ILSVRC2012_val_00019174.png,679
adv_ILSVRC2012_val_00000540.png,680
adv_ILSVRC2012_val_00015715.png,681
adv_ILSVRC2012_val_00017506.png,682
adv_ILSVRC2012_val_00020445.png,683
adv_ILSVRC2012_val_00031571.png,684
adv_ILSVRC2012_val_00008691.png,685
adv_ILSVRC2012_val_00046519.png,686
adv_ILSVRC2012_val_00009172.png,687
adv_ILSVRC2012_val_00005023.png,688
adv_ILSVRC2012_val_00041091.png,689
adv_ILSVRC2012_val_00014640.png,690
adv_ILSVRC2012_val_00039176.png,691
adv_ILSVRC2012_val_00019016.png,692
adv_ILSVRC2012_val_00016218.png,693
adv_ILSVRC2012_val_00032590.png,694
adv_ILSVRC2012_val_00025473.png,695
adv_ILSVRC2012_val_00005694.png,696
adv_ILSVRC2012_val_00028828.png,697
adv_ILSVRC2012_val_00023227.png,698
adv_ILSVRC2012_val_00047439.png,699
adv_ILSVRC2012_val_00013889.png,700
adv_ILSVRC2012_val_00007616.png,701
adv_ILSVRC2012_val_00011647.png,702
adv_ILSVRC2012_val_00032798.png,703
adv_ILSVRC2012_val_00028312.png,704
adv_ILSVRC2012_val_00024310.png,705
adv_ILSVRC2012_val_00048451.png,706
adv_ILSVRC2012_val_00041733.png,707
adv_ILSVRC2012_val_00034875.png,708
adv_ILSVRC2012_val_00043488.png,709
adv_ILSVRC2012_val_00022443.png,710
adv_ILSVRC2012_val_00047385.png,711
adv_ILSVRC2012_val_00047393.png,712
adv_ILSVRC2012_val_00024977.png,713
adv_ILSVRC2012_val_00029992.png,714
adv_ILSVRC2012_val_00045639.png,715
adv_ILSVRC2012_val_00034416.png,716
adv_ILSVRC2012_val_00033589.png,717
adv_ILSVRC2012_val_00029034.png,718
adv_ILSVRC2012_val_00029449.png,719
adv_ILSVRC2012_val_00003066.png,720
adv_ILSVRC2012_val_00033701.png,721
adv_ILSVRC2012_val_00033175.png,722
adv_ILSVRC2012_val_00027597.png,723
adv_ILSVRC2012_val_00037776.png,724
adv_ILSVRC2012_val_00018614.png,725
adv_ILSVRC2012_val_00008288.png,726
adv_ILSVRC2012_val_00019396.png,727
adv_ILSVRC2012_val_00035198.png,728
adv_ILSVRC2012_val_00022290.png,729
adv_ILSVRC2012_val_00038945.png,730
adv_ILSVRC2012_val_00006905.png,731
adv_ILSVRC2012_val_00014850.png,732
adv_ILSVRC2012_val_00038951.png,733
adv_ILSVRC2012_val_00020853.png,734
adv_ILSVRC2012_val_00030147.png,735
adv_ILSVRC2012_val_00046005.png,736
adv_ILSVRC2012_val_00030143.png,737
adv_ILSVRC2012_val_00016454.png,738
adv_ILSVRC2012_val_00026538.png,739
adv_ILSVRC2012_val_00018033.png,740
adv_ILSVRC2012_val_00005875.png,741
adv_ILSVRC2012_val_00009689.png,742
adv_ILSVRC2012_val_00006546.png,743
adv_ILSVRC2012_val_00009588.png,744
adv_ILSVRC2012_val_00041303.png,745
adv_ILSVRC2012_val_00027603.png,746
adv_ILSVRC2012_val_00032395.png,747
adv_ILSVRC2012_val_00039205.png,748
adv_ILSVRC2012_val_00023962.png,749
adv_ILSVRC2012_val_00044687.png,750
adv_ILSVRC2012_val_00006738.png,751
adv_ILSVRC2012_val_00046313.png,752
adv_ILSVRC2012_val_00031556.png,753
adv_ILSVRC2012_val_00034715.png,754
adv_ILSVRC2012_val_00043638.png,755
adv_ILSVRC2012_val_00025514.png,756
adv_ILSVRC2012_val_00021353.png,757
adv_ILSVRC2012_val_00017567.png,758
adv_ILSVRC2012_val_00035133.png,759
adv_ILSVRC2012_val_00038840.png,760
adv_ILSVRC2012_val_00022985.png,761
adv_ILSVRC2012_val_00038151.png,762
adv_ILSVRC2012_val_00038575.png,763
adv_ILSVRC2012_val_00017615.png,764
adv_ILSVRC2012_val_00047789.png,765
adv_ILSVRC2012_val_00014839.png,766
adv_ILSVRC2012_val_00001911.png,767
adv_ILSVRC2012_val_00002555.png,768
adv_ILSVRC2012_val_00003900.png,769
adv_ILSVRC2012_val_00035596.png,770
adv_ILSVRC2012_val_00029765.png,771
adv_ILSVRC2012_val_00033544.png,772
adv_ILSVRC2012_val_00002342.png,773
adv_ILSVRC2012_val_00027771.png,774
adv_ILSVRC2012_val_00029271.png,775
adv_ILSVRC2012_val_00014003.png,776
adv_ILSVRC2012_val_00021220.png,777
adv_ILSVRC2012_val_00012529.png,778
adv_ILSVRC2012_val_00025461.png,779
adv_ILSVRC2012_val_00007978.png,780
adv_ILSVRC2012_val_00017213.png,781
adv_ILSVRC2012_val_00031567.png,782
adv_ILSVRC2012_val_00046660.png,783
adv_ILSVRC2012_val_00039125.png,784
adv_ILSVRC2012_val_00009975.png,785
adv_ILSVRC2012_val_00037519.png,786
adv_ILSVRC2012_val_00024024.png,787
adv_ILSVRC2012_val_00044973.png,788
adv_ILSVRC2012_val_00001632.png,789
adv_ILSVRC2012_val_00028558.png,790
adv_ILSVRC2012_val_00010406.png,791
adv_ILSVRC2012_val_00020523.png,792
adv_ILSVRC2012_val_00027144.png,793
adv_ILSVRC2012_val_00033918.png,794
adv_ILSVRC2012_val_00024679.png,795
adv_ILSVRC2012_val_00011305.png,796
adv_ILSVRC2012_val_00045067.png,797
adv_ILSVRC2012_val_00006464.png,798
adv_ILSVRC2012_val_00029411.png,799
adv_ILSVRC2012_val_00013787.png,800
adv_ILSVRC2012_val_00010908.png,801
adv_ILSVRC2012_val_00009236.png,802
adv_ILSVRC2012_val_00014617.png,803
adv_ILSVRC2012_val_00005424.png,804
adv_ILSVRC2012_val_00024334.png,805
adv_ILSVRC2012_val_00031652.png,806
adv_ILSVRC2012_val_00028650.png,807
adv_ILSVRC2012_val_00020420.png,808
adv_ILSVRC2012_val_00001296.png,809
adv_ILSVRC2012_val_00030759.png,810
adv_ILSVRC2012_val_00040031.png,811
adv_ILSVRC2012_val_00004703.png,812
adv_ILSVRC2012_val_00003369.png,813
adv_ILSVRC2012_val_00042203.png,814
adv_ILSVRC2012_val_00048313.png,815
adv_ILSVRC2012_val_00034139.png,816
adv_ILSVRC2012_val_00049675.png,817
adv_ILSVRC2012_val_00018294.png,818
adv_ILSVRC2012_val_00043679.png,819
adv_ILSVRC2012_val_00000544.png,820
adv_ILSVRC2012_val_00012942.png,821
adv_ILSVRC2012_val_00015062.png,822
adv_ILSVRC2012_val_00045154.png,823
adv_ILSVRC2012_val_00026365.png,824
adv_ILSVRC2012_val_00008677.png,825
adv_ILSVRC2012_val_00025757.png,826
adv_ILSVRC2012_val_00001174.png,827
adv_ILSVRC2012_val_00014495.png,828
adv_ILSVRC2012_val_00033772.png,829
adv_ILSVRC2012_val_00002731.png,830
adv_ILSVRC2012_val_00047922.png,831
adv_ILSVRC2012_val_00012967.png,832
adv_ILSVRC2012_val_00034762.png,833
adv_ILSVRC2012_val_00049025.png,834
adv_ILSVRC2012_val_00037849.png,835
adv_ILSVRC2012_val_00041874.png,836
adv_ILSVRC2012_val_00019127.png,837
adv_ILSVRC2012_val_00011004.png,838
adv_ILSVRC2012_val_00041283.png,839
adv_ILSVRC2012_val_00038364.png,840
adv_ILSVRC2012_val_00002955.png,841
adv_ILSVRC2012_val_00045851.png,842
adv_ILSVRC2012_val_00044683.png,843
adv_ILSVRC2012_val_00048738.png,844
adv_ILSVRC2012_val_00028109.png,845
adv_ILSVRC2012_val_00024312.png,846
adv_ILSVRC2012_val_00034135.png,847
adv_ILSVRC2012_val_00042077.png,848
adv_ILSVRC2012_val_00049748.png,849
adv_ILSVRC2012_val_00046628.png,850
adv_ILSVRC2012_val_00022274.png,851
adv_ILSVRC2012_val_00049400.png,852
adv_ILSVRC2012_val_00046482.png,853
adv_ILSVRC2012_val_00006662.png,854
adv_ILSVRC2012_val_00011341.png,855
adv_ILSVRC2012_val_00029312.png,856
adv_ILSVRC2012_val_00004705.png,857
adv_ILSVRC2012_val_00018247.png,858
adv_ILSVRC2012_val_00040041.png,859
adv_ILSVRC2012_val_00044655.png,860
adv_ILSVRC2012_val_00033168.png,861
adv_ILSVRC2012_val_00005528.png,862
adv_ILSVRC2012_val_00000809.png,863
adv_ILSVRC2012_val_00021814.png,864
adv_ILSVRC2012_val_00000579.png,865
adv_ILSVRC2012_val_00024074.png,866
adv_ILSVRC2012_val_00018084.png,867
adv_ILSVRC2012_val_00027040.png,868
adv_ILSVRC2012_val_00024006.png,869
adv_ILSVRC2012_val_00020297.png,870
adv_ILSVRC2012_val_00005581.png,871
adv_ILSVRC2012_val_00011069.png,872
adv_ILSVRC2012_val_00030634.png,873
adv_ILSVRC2012_val_00038949.png,874
adv_ILSVRC2012_val_00007362.png,875
adv_ILSVRC2012_val_00013218.png,876
adv_ILSVRC2012_val_00002459.png,877
adv_ILSVRC2012_val_00044306.png,878
adv_ILSVRC2012_val_00017127.png,879
adv_ILSVRC2012_val_00016269.png,880
adv_ILSVRC2012_val_00030586.png,881
adv_ILSVRC2012_val_00047419.png,882
adv_ILSVRC2012_val_00031592.png,883
adv_ILSVRC2012_val_00019945.png,884
adv_ILSVRC2012_val_00025160.png,885
adv_ILSVRC2012_val_00007841.png,886
adv_ILSVRC2012_val_00003578.png,887
adv_ILSVRC2012_val_00012169.png,888
adv_ILSVRC2012_val_00036991.png,889
adv_ILSVRC2012_val_00021825.png,890
adv_ILSVRC2012_val_00040911.png,891
adv_ILSVRC2012_val_00030330.png,892
adv_ILSVRC2012_val_00016256.png,893
adv_ILSVRC2012_val_00005087.png,894
adv_ILSVRC2012_val_00020759.png,895
adv_ILSVRC2012_val_00013523.png,896
adv_ILSVRC2012_val_00049921.png,897
adv_ILSVRC2012_val_00014215.png,898
adv_ILSVRC2012_val_00043815.png,899
adv_ILSVRC2012_val_00037082.png,900
adv_ILSVRC2012_val_00042683.png,901
adv_ILSVRC2012_val_00039649.png,902
adv_ILSVRC2012_val_00006204.png,903
adv_ILSVRC2012_val_00011364.png,904
adv_ILSVRC2012_val_00041315.png,905
adv_ILSVRC2012_val_00005652.png,906
adv_ILSVRC2012_val_00016360.png,907
adv_ILSVRC2012_val_00029081.png,908
adv_ILSVRC2012_val_00003240.png,909
adv_ILSVRC2012_val_00008796.png,910
adv_ILSVRC2012_val_00035088.png,911
adv_ILSVRC2012_val_00026143.png,912
adv_ILSVRC2012_val_00042772.png,913
adv_ILSVRC2012_val_00044801.png,914
adv_ILSVRC2012_val_00000839.png,915
adv_ILSVRC2012_val_00028582.png,916
adv_ILSVRC2012_val_00012581.png,917
adv_ILSVRC2012_val_00004799.png,918
adv_ILSVRC2012_val_00036374.png,919
adv_ILSVRC2012_val_00041032.png,920
adv_ILSVRC2012_val_00009121.png,921
adv_ILSVRC2012_val_00037378.png,922
adv_ILSVRC2012_val_00003935.png,923
adv_ILSVRC2012_val_00041996.png,924
adv_ILSVRC2012_val_00017524.png,925
adv_ILSVRC2012_val_00007171.png,926
adv_ILSVRC2012_val_00006755.png,927
adv_ILSVRC2012_val_00004495.png,928
adv_ILSVRC2012_val_00048328.png,929
adv_ILSVRC2012_val_00005025.png,930
adv_ILSVRC2012_val_00043248.png,931
adv_ILSVRC2012_val_00038744.png,932
adv_ILSVRC2012_val_00004041.png,933
adv_ILSVRC2012_val_00003930.png,934
adv_ILSVRC2012_val_00042589.png,935
adv_ILSVRC2012_val_00037102.png,936
adv_ILSVRC2012_val_00038518.png,937
adv_ILSVRC2012_val_00007774.png,938
adv_ILSVRC2012_val_00017362.png,939
adv_ILSVRC2012_val_00021629.png,940
adv_ILSVRC2012_val_00024232.png,941
adv_ILSVRC2012_val_00038404.png,942
adv_ILSVRC2012_val_00022886.png,943
adv_ILSVRC2012_val_00035395.png,944
adv_ILSVRC2012_val_00027571.png,945
adv_ILSVRC2012_val_00011027.png,946
adv_ILSVRC2012_val_00048066.png,947
adv_ILSVRC2012_val_00016141.png,948
adv_ILSVRC2012_val_00031440.png,949
adv_ILSVRC2012_val_00045114.png,950
adv_ILSVRC2012_val_00001671.png,951
adv_ILSVRC2012_val_00007013.png,952
adv_ILSVRC2012_val_00004198.png,953
adv_ILSVRC2012_val_00009227.png,954
adv_ILSVRC2012_val_00048159.png,955
adv_ILSVRC2012_val_00002644.png,956
adv_ILSVRC2012_val_00010111.png,957
adv_ILSVRC2012_val_00011427.png,958
adv_ILSVRC2012_val_00013472.png,959
adv_ILSVRC2012_val_00004935.png,960
adv_ILSVRC2012_val_00032598.png,961
adv_ILSVRC2012_val_00008075.png,962
adv_ILSVRC2012_val_00015007.png,963
adv_ILSVRC2012_val_00030875.png,964
adv_ILSVRC2012_val_00010112.png,965
adv_ILSVRC2012_val_00049309.png,966
adv_ILSVRC2012_val_00028396.png,967
adv_ILSVRC2012_val_00045302.png,968
adv_ILSVRC2012_val_00019012.png,969
adv_ILSVRC2012_val_00001292.png,970
adv_ILSVRC2012_val_00010016.png,971
adv_ILSVRC2012_val_00047843.png,972
adv_ILSVRC2012_val_00015661.png,973
adv_ILSVRC2012_val_00035544.png,974
adv_ILSVRC2012_val_00003311.png,975
adv_ILSVRC2012_val_00017332.png,976
adv_ILSVRC2012_val_00047284.png,977
adv_ILSVRC2012_val_00015471.png,978
adv_ILSVRC2012_val_00005742.png,979
adv_ILSVRC2012_val_00037959.png,980
adv_ILSVRC2012_val_00005037.png,981
adv_ILSVRC2012_val_00006006.png,982
adv_ILSVRC2012_val_00027675.png,983
adv_ILSVRC2012_val_00002321.png,984
adv_ILSVRC2012_val_00010143.png,985
adv_ILSVRC2012_val_00047346.png,986
adv_ILSVRC2012_val_00048526.png,987
adv_ILSVRC2012_val_00012754.png,988
adv_ILSVRC2012_val_00006512.png,989
adv_ILSVRC2012_val_00045215.png,990
adv_ILSVRC2012_val_00044046.png,991
adv_ILSVRC2012_val_00047343.png,992
adv_ILSVRC2012_val_00042619.png,993
adv_ILSVRC2012_val_00029762.png,994
adv_ILSVRC2012_val_00004629.png,995
adv_ILSVRC2012_val_00020929.png,996
adv_ILSVRC2012_val_00025648.png,997
adv_ILSVRC2012_val_00000412.png,998
adv_ILSVRC2012_val_00041747.png,999
